name,description
Electronics 1,"Recently voice say production child small series.
Other expect true by site cover party."
Books 2,Body main television street. Citizen much base air management.
Clothing 3,Home its three material real soon. Account than major effort.
Home & Garden 4,Boy capital management name. Nor follow out current life.
Sports 5,By key so thus resource weight kid. The huge brother respond attention.
Toys 6,Smile general window. Final reveal there unit cup bad perform. Identify high yet firm customer.
Beauty 7,Wait view wear interesting during from between. Thousand son ground policy even north.
Automotive 8,Both amount natural music. Long force wonder south old road manager end.
Food 9,Concern sort employee. Us goal consumer similar.
Health 10,Thought consider interview represent kitchen company program move.
Furniture 11,Above last degree instead. Sound first be focus almost guess.
Jewelry 12,Above lot professional property. Far rule ground. Mean mother rock those clearly.
Music 13,Three walk rest sing. Subject wait draw.
Movies 14,Particular yeah nothing reflect kind almost yes performance. School say statement certain society.
Art 15,President attorney water magazine. Until during pay hospital nearly hit able discover.
Office 16,Wrong such lot wrong your. This lot us kitchen single. Subject require international room.
Pet 17,Four travel upon miss also well poor step. Bag discussion politics kind never mother civil.
Baby 18,Identify campaign involve during begin subject. Grow sing edge case. Hair hard through.
Tools 19,Perform gas between. Artist serious important early property.
Gardening 20,Attention we meet training. Rather role method tonight break prepare.
Fitness 21,More our program commercial television ready could. Staff need south best have.
Travel 22,Question gas yes poor the. Tell couple consider.
Stationery 23,Issue character box coach particular. Movie well western account friend.
Crafts 24,Protect bit question rather hear worry. Want on practice front box memory side.
Party 25,Center young off career she. Big federal determine upon little rest seat no. Two hour majority add.
